id,name,asins,brand,categories,keys,manufacturer,reviews.date,reviews.dateAdded,reviews.dateSeen,reviews.didPurchase,reviews.doRecommend,reviews.id,reviews.numHelpful,reviews.rating,reviews.sourceURLs,reviews.text,reviews.title,reviews.userCity,reviews.userProvince,reviews.username
AVqkIhwDv8e3D1O-lebb,"All-New Fire HD 8 Tablet, 8 HD Display, Wi-Fi, 16 GB - Includes Special Offers, Magenta",B01AHB9CN2,Amazon,"Electronics,iPad & Tablets,All Tablets,Fire Tablets,Tablets,Computers & Tablets","841667104676,amazon/53004484,amazon/b01ahb9cn2,0841667104676,allnewfirehd8tablet8hddisplaywifi16gbincludesspecialoffersmagenta/5620406,allnewfirehd8tablet8hddisplaywifi16gbincludesspecialoffersmagenta/b01ahb9cn2",Amazon,2017-01-13T00:00:00.000Z,2017-07-03T23:33:15Z,"2017-06-07T09:04:00.000Z,2017-04-30T00:45:00.000Z",,TRUE,,0,5,"http://reviews.bestbuy.com/3545/5620406/reviews.htm?format=embedded&page=200,http://reviews.bestbuy.com/3545/5620406/reviews.htm?format=embedded&page=166",This product so far has not disappointed. My children love to use it and I like the ability to monitor control what content they see with ease.,Kindle,,,Adapter
AVqkIhwDv8e3D1O-lebb,"All-New Fire HD 8 Tablet, 8 HD Display, Wi-Fi, 16 GB - Includes Special Offers, Magenta",B01AHB9CN2,Amazon,"Electronics,iPad & Tablets,All Tablets,Fire Tablets,Tablets,Computers & Tablets","841667104676,amazon/53004484,amazon/b01ahb9cn2,0841667104676,allnewfirehd8tablet8hddisplaywifi16gbincludesspecialoffersmagenta/5620406,allnewfirehd8tablet8hddisplaywifi16gbincludesspecialoffersmagenta/b01ahb9cn2",Amazon,2017-01-13T00:00:00.000Z,2017-07-03T23:33:15Z,"2017-06-07T09:04:00.000Z,2017-04-30T00:45:00.000Z",,TRUE,,0,5,"http://reviews.bestbuy.com/3545/5620406/reviews.htm?format=embedded&page=200,http://reviews.bestbuy.com/3545/5620406/reviews.htm?format=embedded&page=167",great for beginner or experienced person. Bought as a gift and she loves it,very fast,,,truman
AVqkIhwDv8e3D1O-lebb,"All-New Fire HD 8 Tablet, 8 HD Display, Wi-Fi, 16 GB - Includes Special Offers, Magenta",B01AHB9CN2,Amazon,"Electronics,iPad & Tablets,All Tablets,Fire Tablets,Tablets,Computers & Tablets","841667104676,amazon/53004484,amazon/b01ahb9cn2,0841667104676,allnewfirehd8tablet8hddisplaywifi16gbincludesspecialoffersmagenta/5620406,allnewfirehd8tablet8hddisplaywifi16gbincludesspecialoffersmagenta/b01ahb9cn2",Amazon,2017-01-13T00:00:00.000Z,2017-07-03T23:33:15Z,"2017-06-07T09:04:00.000Z,2017-04-30T00:45:00.000Z",,TRUE,,0,5,"http://reviews.bestbuy.com/3545/5620406/reviews.htm?format=embedded&page=200,http://reviews.bestbuy.com/3545/5620406/reviews.htm?format=embedded&page=167","Inexpensive tablet for him to use and learn on, step up from the NABI. He was thrilled with it, learn how to Skype on it already...",Beginner tablet for our 9 year old son.,,,DaveZ
AVqkIhwDv8e3D1O-lebb,"All-New Fire HD 8 Tablet, 8 HD Display, Wi-Fi, 16 GB - Includes Special Offers, Magenta",B01AHB9CN2,Amazon,"Electronics,iPad & Tablets,All Tablets,Fire Tablets,Tablets,Computers & Tablets","841667104676,amazon/53004484,amazon/b01ahb9cn2,0841667104676,allnewfirehd8tablet8hddisplaywifi16gbincludesspecialoffersmagenta/5620406,allnewfirehd8tablet8hddisplaywifi16gbincludesspecialoffersmagenta/b01ahb9cn2",Amazon,2017-01-13T00:00:00.000Z,2017-07-03T23:33:15Z,"2017-06-07T09:04:00.000Z,2017-04-30T00:45:00.000Z",,TRUE,,0,4,"http://reviews.bestbuy.com/3545/5620406/reviews.htm?format=embedded&page=200,http://reviews.bestbuy.com/3545/5620406/reviews.htm?format=embedded&page=167",I've had my Fire HD 8 two weeks now and I love it. This tablet is a great value.We are Prime Members and that is where this tablet SHINES. I love being able to easily access all of the Prime content as well as movies you can download and watch laterThis has a 1280/800 screen which has some really nice look to it its nice and crisp and very bright infact it is brighter then the ipad pro costing $900 base model. The build on this fire is INSANELY AWESOME running at only 7.7mm thick and the smooth glossy feel on the back it is really amazing to hold its like the futuristic tab in ur hands.,Good!!!,,,Shacks
AVqkIhwDv8e3D1O-lebb,"All-New Fire HD 8 Tablet, 8 HD Display, Wi-Fi, 16 GB - Includes Special Offers, Magenta",B01AHB9CN2,Amazon,"Electronics,iPad & Tablets,All Tablets,Fire Tablets,Tablets,Computers & Tablets","841667104676,amazon/53004484,amazon/b01ahb9cn2,0841667104676,allnewfirehd8tablet8hddisplaywifi16gbincludesspecialoffersmagenta/5620406,allnewfirehd8tablet8hddisplaywifi16gbincludesspecialoffersmagenta/b01ahb9cn2",Amazon,2017-01-12T00:00:00.000Z,2017-07-03T23:33:15Z,"2017-06-07T09:04:00.000Z,2017-04-30T00:45:00.000Z",,TRUE,,0,5,"http://reviews.bestbuy.com/3545/5620406/reviews.htm?format=embedded&page=200,http://reviews.bestbuy.com/3545/5620406/reviews.htm?format=embedded&page=167","I bought this for my grand daughter when she comes over to visit. I set it up with her as the user, entered her age and name and now Amazon makes sure that she only accesses sites and content that are appropriate to her age. Simple to do and she loves the capabilities. I also bought and installed a 64gig SD card which gives this little tablet plenty of storage. For the price I think this tablet is best one out there. You can spend hundreds of dollars more for additional speed and capacity but when it comes to the basics this tablets does everything that most people will ever need at a fraction of the cost.",Fantastic Tablet for kids,,,explore42
AVpfBEWcilAPnD_xTGb7,"All-New Fire HD 8 Tablet, 8 HD Display, Wi-Fi, 32 GB - Includes Special Offers, Magenta",B002Y27P3M,Amazon,"Kindle Store,Amazon Devices,Electronics","kindlekeyboard/b002y27p3m,amazon/d01101",Amazon,,,2015-09-13T00:00:00Z,,,,,,http://www.amazon.com/Kindle-Wireless-Reader-Wifi-Graphite/dp/B002Y27P3M,"I woke up to a nice surprise this morning: a new kindle as a gift. I have an iPad and a Kindle DX, but I guess someone heard my complaints of them being too heavy and difficult to do extended-reading on. Don't get me wrong, I absolutely love my iPad and DX, but this new generation of Kindle is perfect for reading outside and for long periods of time. The iPad gets completely washed out in sunlight and often irritates my eyes staring at it for more than a couple of hours. The DX was my go-to device for those extended/outdoor reading periods, but now I have a new friend for reading novels. Instead of a replacement, this one seems more like a companion to the other devices and is a different class. The iPad works great for web browsing, shopping, productivity, games, etc while the Kindle falls short in those areas. The Kindle works great for reading novels, where the iPad falls short. For those that love to do extended-reading of magazines, newspapers, research articles, etc, I find that the DX is the go-to device.br /br /Without a doubt, the size and weight of the new kindle is the biggest draw for me. It's smaller than the last edition by a significant margin. I've played around with the Kindle 2 and was impressed, but now looking at the size of the new Kindle, I'm blown away. It's the absolute perfect size. Smaller would be unmanageable and larger wouldn't feel nearly as good. This is a device that you can hold up, read, and just forget that it's there. Compared to other e-readers I've tried, it's much smaller and much lighter.br /br /One of my biggest complaints about the previous generation Kindles and the DX is the speed. It sometimes takes a while after you push next page' for it to actually change.Read more","Not the perfect do-it-all device, but very close to being the perfect e-reading device!",,,C. Tipton
AVpfBEWcilAPnD_xTGb7,"All-New Fire HD 8 Tablet, 8 HD Display, Wi-Fi, 32 GB - Includes Special Offers, Magenta",B002Y27P3M,Amazon,"Kindle Store,Amazon Devices,Electronics","kindlekeyboard/b002y27p3m,amazon/d01101",Amazon,2014-05-05T05:00:00Z,,2015-01-17T00:00:00Z,,,,,,http://www.amazon.com/Kindle-Wireless-Reader-Wifi-Graphite/product-reviews/B002Y27P3M/,I use to hate to read but now that I have my Kindle and I can change the size of the font so this old lady can see the words better I love to read.,Great,,,D. Tatro
AVpfBEWcilAPnD_xTGb7,"All-New Fire HD 8 Tablet, 8 HD Display, Wi-Fi, 32 GB - Includes Special Offers, Magenta",B002Y27P3M,Amazon,"Kindle Store,Amazon Devices,Electronics","kindlekeyboard/b002y27p3m,amazon/d01101",Amazon,2014-05-03T05:00:00Z,,2015-01-17T00:00:00Z,,,,,,http://www.amazon.com/Kindle-Wireless-Reader-Wifi-Graphite/product-reviews/B002Y27P3M/,"All of them quit working. There's absolutely no way to revive them once that battery loses power If NOT charged immediately, if even just a few weeks go by, NO HOPE of ever using your Kindle again. A major flaw",I've had 3!,,,M. Lansford Kindle fave
AVpfBEWcilAPnD_xTGb7,"All-New Fire HD 8 Tablet, 8 HD Display, Wi-Fi, 32 GB - Includes Special Offers, Magenta",B002Y27P3M,Amazon,"Kindle Store,Amazon Devices,Electronics","kindlekeyboard/b002y27p3m,amazon/d01101",Amazon,2014-05-04T05:00:00Z,,2015-01-17T00:00:00Z,,,,,,http://www.amazon.com/Kindle-Wireless-Reader-Wifi-Graphite/product-reviews/B002Y27P3M/,"I recently ordered my 8th Kindle. It was to replace my 7th Kindle which I unknowingly crushed. I love the Kindle Keyboard as my clumsy old hands tremble too much to type on a touch screen. For me, newer is just more frustrating. However, new Keyboard Kindles are scarce on the ground, so I got a reconditioned one. I noticed on my account page that Amazon recognized my new Kindle as soon as I bought it. When it arrived, however, it was not registered to me and it claimed it could not connect to my home WiFi. So I called my internet provider. I waded through that companys automated menu beginning with press 1 for English. That irritates me as I think English should be the default language in this country. But pressing on, I provided my 9 digit phone number, my 10 digit account number, my 9 digit zip code, my address, my 8 digit birthday, and the name of my favorite pet, my first car and my oldest nephew. Then I listened to an automated menu that had a 9 item selection none of which exactly fitted the problem I was having. After all this, I was asked if I would provide feedback after the call. I know this company and I was sure I would have comments to make, so I pressed 1 for yes. Then instead of finally letting me speak to a person, the automated voice directed me back through the forest of numbers I had already provided. Patiently I retyped all I had already typed. This time I was cannier. I refused the opportunity to give feedback and was finally connected to a person a person with a strong foreign accent and a bad phone connection. Didnt I press 1 for English After struggling for several minutes I begged for a supervisor as I could not understand the English spoken by this person. I was eventually routed to three other people with a hold time between each new connection as each person I spoke to did not handle my problem. I asked for phone numbers every time so I could reconnect if my call was disconnected accidentally. Finally I found a person who could help and did indeed get a connection established between my Kindle and my WiFi. I again asked for a telephone number in case I had further problems. Im sorry. I do not have a phone number that you can call to connect directly to me. Well, I should have known. I had been on the phone for 50 minutes.Then my Kindle would not download my archived items. So I contacted Amazons Help Line. I got an American in the first minute. I did not have to press anything I explained my problem. The Amazon American fiddled with a few buttons on his end and my Kindle began working correctly. I was on the phone for 4 minutes.",Kindle Customer Service vs. Comcast,,,Jean F. Bryant Wordwright
AVpfBEWcilAPnD_xTGb7,"All-New Fire HD 8 Tablet, 8 HD Display, Wi-Fi, 32 GB - Includes Special Offers, Magenta",B002Y27P3M,Amazon,"Kindle Store,Amazon Devices,Electronics","kindlekeyboard/b002y27p3m,amazon/d01101",Amazon,2014-05-05T05:00:00Z,,2015-01-17T00:00:00Z,,,,,,http://www.amazon.com/Kindle-Wireless-Reader-Wifi-Graphite/product-reviews/B002Y27P3M/,Great. Love it.,I love it,,,Jeff Maddox
AVsRjfwAU2_QcyX9PHqe,"All-New Kindle E-reader - Black, 6 Glare-Free Touchscreen Display, Wi-Fi -  Includes Special Offers,,",B01J2G4VBG,Amazon,"Amazon Devices & Accessories,Amazon Device Accessories,Power Adapters & Cables,Kindle Store,Kindle E-Reader Accessories,Kindle Paperwhite Accessories","0841667120171,841667120171,amazon5wusbofficialoemchargerpoweradapterforfiretabletskindleereaders/b01j2g4vbg",Amazon,2017-07-17T00:00:00.000Z,,2017-12-30T00:00:00Z,,,,,4,https://www.amazon.com/product-reviews/B01J2G4VBG/,"Works good but, you can purchase a charger with same or better specs. on Amazon MUCH cheaper. I purchased a 5 port 30 watt charger for about 1/2 of the cost of this.","Works good but, you can purchase a charger with same ...",,,David
AVsRjfwAU2_QcyX9PHqe,"All-New Kindle E-reader - Black, 6 Glare-Free Touchscreen Display, Wi-Fi -  Includes Special Offers,,",B01J2G4VBG,Amazon,"Amazon Devices & Accessories,Amazon Device Accessories,Power Adapters & Cables,Kindle Store,Kindle E-Reader Accessories,Kindle Paperwhite Accessories","0841667120171,841667120171,amazon5wusbofficialoemchargerpoweradapterforfiretabletskindleereaders/b01j2g4vbg",Amazon,2017-07-16T00:00:00.000Z,,2017-12-30T00:00:00Z,,,,,5,https://www.amazon.com/product-reviews/B01J2G4VBG/,Good products,Five Stars,,,Sabrina L. Pickard
AVsRjfwAU2_QcyX9PHqe,"All-New Kindle E-reader - Black, 6 Glare-Free Touchscreen Display, Wi-Fi -  Includes Special Offers,,",B01J2G4VBG,Amazon,"Amazon Devices & Accessories,Amazon Device Accessories,Power Adapters & Cables,Kindle Store,Kindle E-Reader Accessories,Kindle Paperwhite Accessories","0841667120171,841667120171,amazon5wusbofficialoemchargerpoweradapterforfiretabletskindleereaders/b01j2g4vbg",Amazon,2017-07-15T00:00:00.000Z,,2017-12-30T00:00:00Z,,,,,5,https://www.amazon.com/product-reviews/B01J2G4VBG/,nice product,Five Stars,,,Thom Mori
AVsRjfwAU2_QcyX9PHqe,"All-New Kindle E-reader - Black, 6 Glare-Free Touchscreen Display, Wi-Fi -  Includes Special Offers,,",B01J2G4VBG,Amazon,"Amazon Devices & Accessories,Amazon Device Accessories,Power Adapters & Cables,Kindle Store,Kindle E-Reader Accessories,Kindle Paperwhite Accessories","0841667120171,841667120171,amazon5wusbofficialoemchargerpoweradapterforfiretabletskindleereaders/b01j2g4vbg",Amazon,2017-07-13T00:00:00.000Z,,2017-12-30T00:00:00Z,,,,,5,https://www.amazon.com/product-reviews/B01J2G4VBG/,great - can charge Kindle e-book reader without the need of computer being on.,Five Stars,,,Volker B. Hildebrandt
AVsRjfwAU2_QcyX9PHqe,"All-New Kindle E-reader - Black, 6 Glare-Free Touchscreen Display, Wi-Fi -  Includes Special Offers,,",B01J2G4VBG,Amazon,"Amazon Devices & Accessories,Amazon Device Accessories,Power Adapters & Cables,Kindle Store,Kindle E-Reader Accessories,Kindle Paperwhite Accessories","0841667120171,841667120171,amazon5wusbofficialoemchargerpoweradapterforfiretabletskindleereaders/b01j2g4vbg",Amazon,2017-07-13T00:00:00.000Z,,2017-12-30T00:00:00Z,,,,,2,https://www.amazon.com/product-reviews/B01J2G4VBG/,"I ordered the Amazon 5W USB Official OEM Charger and Power Adapter for Fire Tablets and Kindle eReaders however, what I received is nothing like what is pictured. I received a charger cord that states LG Electronics and Verizon Accessory. I am not certain that these are the same item.",Received LG Electronics Verizon Accessory NOT an Amazon Official Charger,,,CammieW
